Cluster,Samples,Nodes,Edges,Density
0,39,63,70,0.035842293906810034
1,31,86,65,0.017783857729138167
2,52,38,44,0.06258890469416785
